,0
0,https://www.reddit.com/r/okbuddyretard/comments/j8jr2f/rules_nonprofit_merch_twitter_discord_and_other/
1,https://www.reddit.com/r/okbuddyretard/wiki/material
2,https://i.redd.it/htm0icwweef71.png
3,https://i.redd.it/qhrpmzm4hdf71.jpg
4,https://i.redd.it/tfch6bolncf71.jpg
5,https://i.redd.it/24h4omke9df71.jpg
6,https://i.redd.it/s75goux09cf71.png
7,https://i.redd.it/l7onfpwq3ff71.jpg
8,https://i.redd.it/0rk3gpyhpdf71.png
9,https://i.redd.it/518ejdb0xff71.jpg
10,https://i.redd.it/cu6ucn3bgef71.png
11,https://i.redd.it/45x2hl7sycf71.jpg
12,https://i.redd.it/bp2b6s0f4ff71.jpg
13,https://www.reddit.com/gallery/oxqrbi
14,https://i.redd.it/0wgokem8qgf71.jpg
15,https://i.redd.it/xg7oi96xoef71.jpg
16,https://www.reddit.com/gallery/oxy53l
17,https://i.redd.it/1l74fg3b9gf71.jpg
18,https://i.redd.it/iwzn44d9nef71.jpg
19,https://i.redd.it/3j3ofzozsgf71.jpg
20,https://i.redd.it/s1jelu766ff71.jpg
21,https://i.redd.it/p9acqg0ufaf71.jpg
22,https://i.redd.it/sxw3tpivchf71.jpg
23,https://i.redd.it/dk9pxqr3dff71.jpg
24,https://i.redd.it/3jtj0e2r6df71.jpg
25,https://i.redd.it/1wgm3d3fxgf71.jpg
26,https://i.redd.it/07wr31p4lgf71.jpg
27,https://i.redd.it/cxb6mkan9ff71.jpg
28,https://i.redd.it/2mc8ngh0ogf71.jpg
29,https://i.redd.it/jtdg1sxnugf71.jpg
30,https://v.redd.it/71dzjjrtecf71
31,https://i.redd.it/chjir1lr7ef71.jpg
32,https://v.redd.it/wf7dqukigff71
33,https://v.redd.it/cqr4a16quef71
34,https://i.redd.it/6vypbl6wkdf71.png
35,https://i.redd.it/r9own79ybff71.png
36,https://i.redd.it/w0mt8cs1dff71.jpg
37,https://i.redd.it/4dwc36ecegf71.jpg
38,https://i.redd.it/ep8yf8wjeef71.png
39,https://i.redd.it/iutnazq37gf71.jpg
40,https://i.redd.it/qnh62217l7f71.png
41,https://i.redd.it/bpj25p3c7ff71.jpg
42,https://i.redd.it/o5ubyuqm4ff71.png
43,https://i.redd.it/o4o1ooew6gf71.png
44,https://i.redd.it/3ukl3tvt6gf71.jpg
45,https://i.redd.it/pb08i2ywhff71.jpg
46,https://i.redd.it/zptq9vuvjff71.png
47,https://www.reddit.com/gallery/oxdk9o
48,https://i.redd.it/hjnt2h3h38f71.jpg
49,https://i.redd.it/nnqrndwetgf71.jpg
50,https://www.reddit.com/gallery/oy60oc
51,https://i.redd.it/qc3qkp9n2af71.jpg
52,https://i.redd.it/krbofsudrdf71.jpg
53,https://i.redd.it/p7209a58ddf71.jpg
54,https://i.redd.it/2i3dnnp0ghf71.gif
55,https://i.redd.it/n21tzcldqgf71.png
56,https://i.redd.it/tof1h66ovbf71.png
57,https://i.redd.it/7ov7q9dm6ff71.png
58,https://i.redd.it/v4i0ge5v6gf71.jpg
59,https://i.redd.it/eyff98slhgf71.jpg
60,https://i.redd.it/x4xi8idfjhf71.jpg
61,https://i.redd.it/9fkbl8399hf71.jpg
62,https://i.redd.it/24nkarca8ff71.jpg
63,https://i.redd.it/gzh73snppcf71.jpg
64,https://i.redd.it/hi1723o3hhf71.jpg
65,https://i.redd.it/51bor4zkidf71.jpg
66,https://i.redd.it/pfya9ng91ef71.jpg
67,https://i.redd.it/8rmppr4bpdf71.png
68,https://i.redd.it/p8p3b0lzeef71.jpg
69,https://v.redd.it/a4ehxecyaff71
70,https://i.redd.it/u7kq8x2mlgf71.jpg
71,https://i.redd.it/24gtw19bjdf71.png
72,https://v.redd.it/ig02ag711af71
73,https://i.redd.it/7unizkqiwdf71.jpg
74,https://i.redd.it/raalczcu1ef71.jpg
75,https://v.redd.it/89ddrep0kgf71
76,https://i.redd.it/4gdaofh5fhf71.jpg
77,https://i.redd.it/fcegy4g2ebf71.png
78,https://i.redd.it/4v3yqvncg9f71.png
79,https://i.redd.it/ti7wwyl49hf71.jpg
80,https://i.imgur.com/qNQ6HdS.jpg
81,https://i.redd.it/o43hp6ec5ef71.png
82,https://i.redd.it/0slarejb6hf71.jpg
83,https://i.redd.it/6p46zu5vp6f71.jpg
84,https://v.redd.it/4i56iqxxydf71
85,https://i.redd.it/sgetirm9g7f71.jpg
86,https://i.redd.it/h8fl05bnbef71.jpg
87,https://i.redd.it/jo3upquafhf71.jpg
88,https://imgur.com/2hD2Wog
89,https://i.redd.it/lmmsgdpzidf71.png
90,https://i.imgur.com/7vmRxuS.jpg
91,https://v.redd.it/wj9dtbfc09f71
92,https://i.redd.it/pw958hz1jef71.jpg
93,https://i.redd.it/mckc52qw1ef71.png
94,https://i.redd.it/w6ikym3rcaf71.png
95,https://i.redd.it/5kbelx69q6f71.gif
96,https://i.redd.it/65naqnrhohf71.png
97,https://i.redd.it/nrts9a3eydf71.png
98,https://i.redd.it/xxjxf3u3nhf71.jpg
99,https://i.redd.it/z8cr3yu0mhf71.jpg
100,https://i.redd.it/iuew4wr5wdf71.png
101,https://i.redd.it/3dpvi6q4lef71.jpg
102,https://v.redd.it/s3o75m0lbff71
103,https://www.reddit.com/gallery/oxto4i
104,https://i.redd.it/z4ku3srh5ef71.jpg
105,https://v.redd.it/5wylgw23wef71
106,https://i.redd.it/3ugd1zclv7f71.png
107,https://i.redd.it/jz49mavg98f71.jpg
108,https://i.redd.it/hn0zus6c0af71.jpg
109,https://i.redd.it/cbunechlx7f71.jpg
110,https://i.redd.it/2rdy5e5wfdf71.jpg
111,https://i.redd.it/zdwvew2q4bf71.jpg
112,https://i.redd.it/tkkl4s1dw8f71.png
113,https://i.redd.it/huna6w49sbf71.jpg
114,https://i.redd.it/o17w1uxcohf71.jpg
115,https://i.redd.it/9bky29i6f4f71.jpg
116,https://i.redd.it/qqqiu58knhf71.jpg
117,https://v.redd.it/oieopv8en8f71
118,https://www.reddit.com/gallery/oxv44w
119,https://i.redd.it/2on7r6phg8f71.jpg
120,https://i.redd.it/g19aprm6z8f71.jpg
121,https://i.redd.it/q45m96t33df71.png
122,https://i.redd.it/avfgx99287f71.png
123,https://i.redd.it/xu7fj30wa6f71.png
124,https://i.redd.it/pu29vld46bf71.png
125,https://i.imgur.com/R0GggXa.jpg
126,https://i.redd.it/n1eg6yuzqaf71.jpg
127,https://i.redd.it/7azigklpf8f71.gif
128,https://i.redd.it/gd4v365zl8f71.jpg
129,https://imgur.com/TVq1VWl
130,https://v.redd.it/ineuapodmcf71
131,https://i.redd.it/98s2xz4lhdf71.jpg
132,https://i.redd.it/oq2s98vx68f71.jpg
133,https://www.reddit.com/gallery/oxnl64
134,https://i.redd.it/0tfypq8iq8f71.jpg
135,https://i.redd.it/hcpx6bbfs6f71.png
136,https://i.redd.it/u0daiwi1e9f71.jpg
137,https://i.redd.it/rwqiwmkid9f71.png
138,https://i.redd.it/u7t9d0mofcf71.jpg
139,https://v.redd.it/o1rs4wv3w8f71
140,https://i.redd.it/4xpsb1d7v8f71.png
141,https://i.redd.it/cr0b94b7lbf71.jpg
142,https://i.redd.it/m6vdxygzs4f71.jpg
143,https://i.redd.it/6hg4n6jk77f71.jpg
144,https://www.reddit.com/gallery/owsf64
145,https://i.redd.it/ytuu5mvvn9f71.png
146,https://i.redd.it/8t52ixesi8f71.jpg
147,https://i.redd.it/gm7ltg0zq9f71.png
148,https://i.redd.it/ozif19ukr9f71.jpg
149,https://i.redd.it/zahbzt8my5f71.png
150,https://i.redd.it/yrdkrl5fh5f71.jpg
151,https://www.msn.com/en-us/news/offbeat/ocean-explorers-stumble-upon-real-life-spongebob-squarepants-and-patrick-star-during-research/ar-AAMTOIn?ocid=msedgntp
152,https://www.reddit.com/gallery/ox3yhl
153,https://v.redd.it/qq0at8ddp8f71
154,https://i.redd.it/qek2n6cig6f71.jpg
155,https://v.redd.it/l45e23rr9af71
156,https://i.redd.it/sbre6qqqo9f71.jpg
157,https://i.redd.it/lctxz0u8b7f71.jpg
158,https://i.redd.it/3bprtxgs55f71.jpg
159,https://i.redd.it/emf2kcghg6f71.jpg
160,https://v.redd.it/1bm18ud63bf71
161,https://i.redd.it/wzj9ayjnb9f71.png
162,https://i.redd.it/5diwnx39g8f71.jpg
163,https://i.redd.it/5jwz0uz1j8f71.jpg
164,https://i.redd.it/4wbkay00a7f71.jpg
165,https://i.redd.it/8dkqhdxa79f71.png
166,https://i.redd.it/ag88oo49ocf71.png
167,https://i.redd.it/ab8aex9tg8f71.jpg
168,https://i.redd.it/zvks1l3hj4f71.jpg
169,https://i.redd.it/mcnvaiwyw9f71.jpg
170,https://i.redd.it/kx133zwvd6f71.jpg
171,https://www.reddit.com/gallery/oxgmv7
172,https://i.redd.it/7ke8nxgwd9f71.jpg
173,https://i.redd.it/o2ka1fn6i8f71.jpg
174,https://i.redd.it/jzdykymfj1f71.jpg
175,https://i.redd.it/f38fewtji9f71.jpg
176,https://i.redd.it/twnm0ph0b0f71.jpg
177,https://i.redd.it/0xmo44xxg7f71.jpg
178,https://i.redd.it/m1haqd4ns8f71.jpg
179,https://i.redd.it/ma815zq3o8f71.png
180,https://i.redd.it/u0syja90d1f71.jpg
181,https://i.redd.it/j4buz95sq9f71.png
182,https://i.redd.it/car9061n48f71.jpg
183,https://i.redd.it/zaqhemx182f71.jpg
184,https://i.redd.it/bc2zd7cyp8f71.jpg
185,https://www.reddit.com/gallery/oxdi6v
186,https://v.redd.it/67witowfs6f71
187,https://i.redd.it/kades2kap1f71.jpg
188,https://i.redd.it/h9uvd54u00f71.png
189,https://i.redd.it/y1ilktrc97f71.gif
190,https://i.redd.it/b7oxrvnxy7f71.jpg
191,https://i.redd.it/pmgt09wv76f71.png
192,https://i.redd.it/dwj9gtv7sye71.jpg
193,https://i.redd.it/tqynagh5hye71.jpg
194,https://i.redd.it/cahihlk8r9f71.jpg
195,https://i.redd.it/klz9gqvkv7f71.gif
196,https://v.redd.it/xt0roiyvf8f71
197,https://i.redd.it/y4zous3v46f71.jpg
198,https://i.redd.it/hnsetvenr0f71.jpg
199,https://i.redd.it/kjx9ky32rze71.png
200,https://v.redd.it/67eki3bob5f71
201,https://www.reddit.com/gallery/owgb5w
202,https://i.redd.it/huh16jxdo6f71.png
203,https://i.redd.it/wo37ka52h6f71.jpg
204,https://i.redd.it/5qgmfbv5p9f71.png
205,https://i.redd.it/j9ywetut03f71.jpg
206,https://i.redd.it/txav2a78y5f71.jpg
207,https://i.redd.it/iai6uj7bf7f71.png
208,https://i.redd.it/qvfymukn44f71.jpg
209,https://i.redd.it/q4fkc88294f71.jpg
210,https://i.imgur.com/jrI7t3R.jpg
211,https://i.redd.it/ouo8fjrws7f71.png
212,https://v.redd.it/9q4jfct065f71
213,https://www.reddit.com/gallery/owv6we
214,https://i.redd.it/ygz17pv594f71.jpg
215,https://i.redd.it/igdrrmz06ye71.jpg
216,https://i.redd.it/u8tk74ve46f71.jpg
217,https://v.redd.it/7pcbi38au3f71
218,https://i.redd.it/692v3i71i5f71.jpg
219,https://www.reddit.com/gallery/owtlqg
220,https://i.redd.it/i0eg6jbkoze71.jpg
221,https://i.redd.it/shh1rsqtr7f71.jpg
222,https://v.redd.it/j5c1mvtr92f71
223,https://i.redd.it/42o6fqh5fwe71.jpg
224,https://i.redd.it/svpmzgqv36f71.jpg
225,https://i.redd.it/ez8x23llj5f71.jpg
226,https://i.redd.it/ojfkbpxe73f71.png
227,https://i.redd.it/15ceqp4my6f71.jpg
228,https://v.redd.it/s9907hgpp0f71
229,https://i.redd.it/bz0yykws6ye71.jpg
230,https://i.redd.it/g3j8hx3tz0f71.jpg
231,https://i.redd.it/841a2pm5y3f71.jpg
232,https://www.reddit.com/gallery/owze21
233,https://i.redd.it/7y2li6ehh7f71.jpg
234,https://i.redd.it/pg523r2fq0f71.jpg
235,https://i.redd.it/cl62cy3j82f71.png
236,https://v.redd.it/3x100kcdfze71
237,https://www.reddit.com/gallery/owy49e
238,https://i.imgur.com/wxlqimd.jpg
239,https://v.redd.it/6lxe26elm3f71
240,https://youtu.be/MqAH_ZWIxRw
241,https://v.redd.it/dzgeneh7vye71
242,https://i.redd.it/wdhsen8zj3f71.jpg
243,https://i.redd.it/ngs7y5l3v0f71.png
244,https://i.redd.it/fkzho122j5f71.png
245,https://duckduckgo.com/?q=troll+face&atb=v152-1&iax=images&ia=images
246,https://i.redd.it/593a4cddd5f71.png
247,https://v.redd.it/tos4o0j3v1f71
248,https://i.redd.it/a3182z0f8we71.jpg
249,https://i.redd.it/d1ydwvmej5f71.jpg
250,https://i.redd.it/drimbos3b2f71.jpg
251,https://i.redd.it/ksvpq3nuuze71.jpg
252,https://i.redd.it/34bn64lcw5f71.jpg
253,https://i.redd.it/xa015amh63f71.png
254,https://i.redd.it/snf75o2kr0f71.jpg
255,https://v.redd.it/x92udzaj55f71
256,https://i.redd.it/tdwwn6i9r1f71.jpg
257,https://i.redd.it/fasmqyb1s3f71.jpg
258,https://i.redd.it/xdcy3r6sz2f71.jpg
259,https://i.redd.it/qni5lh6hmve71.jpg
260,https://i.redd.it/iog3xt9aw2f71.jpg
261,https://i.redd.it/q48unt7893f71.jpg
262,https://i.redd.it/44t5mdepkxe71.jpg
263,https://i.redd.it/mx0vrhdk52f71.png
264,https://i.redd.it/esqv2uj533f71.png
265,https://i.redd.it/yoqlot80a2f71.png
266,https://i.redd.it/gxd092w5dze71.jpg
267,https://v.redd.it/h0snkw2d45f71
268,https://i.redd.it/r79lwv2c60f71.jpg
269,https://i.redd.it/obn9rkqve5f71.jpg
270,https://i.redd.it/gmdashpxj2f71.jpg
271,https://i.redd.it/egtkbs6aixe71.png
272,https://i.redd.it/q67vrfvlaye71.jpg
273,https://i.redd.it/ygk9a3itlwe71.jpg
274,https://i.redd.it/6lpglawv32f71.jpg
275,https://i.imgur.com/rsi1Xxc.jpg
276,https://i.redd.it/a6umszpi31f71.png
277,https://i.redd.it/lz6npsodm1f71.jpg
278,https://imgur.com/97esna9
279,https://i.redd.it/5upxnoeb4ve71.jpg
280,https://i.redd.it/tg2vlsx360f71.jpg
281,https://i.redd.it/ejhkn98j13f71.jpg
282,https://i.redd.it/k75cmhz7f2f71.jpg
283,https://i.redd.it/7p3afpvb32f71.png
284,https://v.redd.it/dj22tocubye71
285,https://i.redd.it/6hc3c4gej3f71.jpg
286,https://i.redd.it/z2fxkgkoi0f71.jpg
287,https://m.youtube.com/watch?v=423DwXjtXBU&feature=youtu.be
288,https://www.reddit.com/gallery/owrm9z
289,https://i.imgur.com/085O3ay.jpg
290,https://i.redd.it/tufg83ca22f71.jpg
291,https://i.redd.it/cc9ke03mq0f71.jpg
292,https://i.redd.it/o26p61mn22f71.jpg
293,https://www.reddit.com/gallery/ovyjg4
294,https://i.redd.it/awmzes7wf0f71.jpg
295,https://i.redd.it/atnl869qe4f71.jpg
296,https://i.redd.it/l8xu1n5beze71.jpg
297,https://i.redd.it/4busw8qia1f71.jpg
298,https://i.redd.it/e3w3kcjzl0f71.png
299,https://i.redd.it/tzoxur2sk1f71.jpg
300,https://i.redd.it/d324jsqvmye71.jpg
301,https://i.redd.it/fp0rmwhi0ve71.jpg
302,https://www.reddit.com/gallery/owygyk
303,https://i.redd.it/248r306fo0f71.png
304,https://i.redd.it/l5c7jrskste71.jpg
305,https://i.redd.it/kw2rs7qi70f71.png
306,https://i.redd.it/a15n365e12f71.jpg
307,https://i.redd.it/k4xoh0g8n3f71.jpg
308,https://v.redd.it/z1nsy57ubse71
309,https://v.redd.it/y9x9aoj00ze71
310,https://i.redd.it/xy18krldf0f71.jpg
311,https://i.redd.it/7yn87rf58ue71.jpg
312,https://i.redd.it/8la8tmpawye71.gif
313,https://v.redd.it/oueva8s8j1f71
314,https://i.redd.it/dsjht61fzse71.jpg
315,https://v.redd.it/mme5g1ep3ye71
316,https://i.redd.it/yqvlhv5bcve71.jpg
317,https://i.redd.it/4i0vxpwgf1f71.jpg
318,https://www.reddit.com/gallery/ovvmhp
319,https://i.redd.it/u7h8i2l2kze71.jpg
320,https://i.redd.it/1s8s0het54f71.jpg
321,https://i.redd.it/ynqwge48w1f71.jpg
322,https://i.redd.it/p62rafg1ize71.jpg
323,https://v.redd.it/ozdsu25l10f71
324,https://i.redd.it/4cl48tuti2f71.jpg
325,https://i.redd.it/ys2ioemlzue71.png
326,https://v.redd.it/e0ke96yxa0f71
327,https://i.redd.it/zwnfff7vvve71.jpg
328,https://i.redd.it/g6q2la5waye71.jpg
329,https://i.redd.it/zy8jnnmupse71.jpg
330,https://i.redd.it/zefu47lyz2f71.jpg
331,https://i.redd.it/je877oep1ze71.jpg
332,https://i.redd.it/bio5y4u7zre71.jpg
333,https://i.redd.it/jbdupqe2bue71.jpg
334,https://i.redd.it/1go7axr2hwe71.jpg
335,https://i.redd.it/87u3io44wze71.png
336,https://i.redd.it/7h2ya0bowze71.jpg
337,https://i.redd.it/sn9tx2z9kwe71.png
338,https://i.redd.it/vj3pel9wmwe71.jpg
339,https://v.redd.it/gktfy968mue71
340,https://i.redd.it/atr74pnhmze71.png
341,https://v.redd.it/fm3muh3hsxe71
342,https://i.redd.it/r835oajnd0f71.jpg
343,https://i.redd.it/uhqzcwzxiye71.jpg
344,https://i.redd.it/yctibyqkzwe71.jpg
345,https://i.redd.it/eub5y6m46xe71.jpg
346,https://i.redd.it/cfhwdoay8ze71.jpg
347,https://v.redd.it/kz3eng4cfue71
348,https://i.redd.it/59krh42geye71.jpg
349,https://i.redd.it/e774kyj7tve71.jpg
350,https://i.redd.it/8mdjzgrpvue71.png
351,https://i.redd.it/40ff9uxwhze71.jpg
352,https://i.redd.it/wxuuwwnelre71.jpg
353,https://i.redd.it/wcmvnohzcwe71.jpg
354,https://i.redd.it/yn6b5pf3yxe71.jpg
355,https://i.redd.it/im9hg1638we71.jpg
356,https://i.redd.it/0vqtb6p80ze71.jpg
357,https://i.redd.it/emsy0n43kse71.jpg
358,https://i.redd.it/vlipj0r2iwe71.png
359,https://v.redd.it/2ueyw6xm2ue71
360,https://i.redd.it/shu7now87se71.jpg
361,https://i.redd.it/5qn2qlaobye71.png
362,https://i.redd.it/cfz69rneuye71.jpg
363,https://i.redd.it/hm78iwha4ye71.jpg
364,https://i.redd.it/20ovp52dyte71.jpg
365,https://i.redd.it/ybbkpnnm7ye71.png
366,https://v.redd.it/upddxnf0xxe71
367,https://i.redd.it/1zefftvc1xe71.jpg
368,https://i.redd.it/te9jihc46ue71.png
369,https://i.redd.it/w4vbx1w0ize71.png
370,https://i.redd.it/dm91trs1eze71.png
371,https://v.redd.it/mkbh3t9oque71
372,https://i.redd.it/poojcee1jxe71.jpg
373,https://v.redd.it/utg12p8gxye71
374,https://v.redd.it/zxjlogf4ixe71
375,https://i.redd.it/jlyz7dz6qre71.jpg
376,https://i.redd.it/ccc1e4lhcwe71.png
377,https://v.redd.it/u6jb20w7lye71
378,https://i.redd.it/194atlk7xxe71.png
379,https://i.redd.it/i8tzle7wtse71.png
380,https://i.redd.it/1e3ll4c6yze71.jpg
381,https://www.youtube.com/watch?v=xUw3bslBsUA
382,https://www.youtube.com/watch?v=gkP400EYAe4
383,https://i.redd.it/vl2neowntse71.jpg
384,https://i.redd.it/w3ly3pcpfve71.jpg
385,https://i.redd.it/h0o6rc2zuse71.jpg
386,https://i.redd.it/3y36x5y4jve71.jpg
387,https://m.youtube.com/watch?v=XXQ1-w-hrfA&feature=youtu.be
388,https://i.redd.it/7smz0to5dxe71.gif
389,https://i.redd.it/66vq6ebd1ze71.jpg
390,https://i.redd.it/6on3mh8mgue71.png
391,https://i.redd.it/6squ22j0fve71.png
392,https://i.redd.it/cwol4v9oaye71.jpg
393,https://i.redd.it/kn58jzj6wue71.jpg
394,https://v.redd.it/d37ucjj06ue71
395,https://v.redd.it/4oflicv8gxe71
396,https://i.redd.it/s7dgjipxcue71.jpg
397,https://i.redd.it/ap89h2q05ye71.jpg
398,https://i.redd.it/rugrxjhchse71.jpg
399,https://i.redd.it/x6mxr42n4ue71.jpg
400,https://i.redd.it/detocxwwsue71.png
401,https://i.redd.it/bwq4aop3oxe71.png
402,https://i.redd.it/9c01n0m9fwe71.jpg
403,https://i.redd.it/s38m3ue1kye71.jpg
404,https://i.redd.it/uhna8zepvve71.jpg
405,https://i.redd.it/sm2ph4edwre71.png
406,https://youtu.be/tvtrp1pwm8I
407,https://v.redd.it/ay7js6vnfue71
408,https://i.redd.it/f6piny6jaye71.jpg
409,https://i.redd.it/dzxk8chg9ue71.png
410,https://i.redd.it/y8bblzcjhte71.jpg
411,https://i.redd.it/1n3welu29te71.jpg
412,https://i.redd.it/spliem8aste71.jpg
413,https://i.redd.it/pmtkfepqgve71.jpg
414,https://i.redd.it/g06f86w13we71.png
415,https://i.redd.it/b9pfaun5nwe71.png
416,https://v.redd.it/19lg69zvcue71
417,https://v.redd.it/ygczwwm31te71
418,https://i.imgur.com/RcF9KUB.jpg
419,https://i.redd.it/ipo5esfodse71.jpg
420,https://i.redd.it/0ly48kz5kte71.jpg
421,https://v.redd.it/ewwe55pk9we71
422,https://i.redd.it/swl780cztte71.jpg
423,https://www.reddit.com/gallery/ove2o7
424,https://i.redd.it/0389cqdidye71.jpg
425,https://v.redd.it/42yjkxeh6te71
426,https://i.redd.it/rafvqztncue71.jpg
427,https://i.redd.it/7l3tidgk2te71.png
428,https://i.redd.it/v3emhgerhve71.jpg
429,https://v.redd.it/yt5zqxdbfse71
430,https://v.redd.it/x0sn0gspute71
431,https://i.redd.it/me5s6ybx5we71.png
432,https://i.redd.it/07jp1b29fme71.jpg
433,https://i.redd.it/smoa13py7pe71.jpg
434,https://i.redd.it/mt0blhyw6re71.png
435,https://i.redd.it/m0z6dfeqese71.jpg
436,https://i.redd.it/sisw99v51re71.jpg
437,https://i.redd.it/0wrlgzzzgue71.gif
438,https://i.redd.it/lnabkgorfte71.jpg
439,https://i.redd.it/cgm4q5bc8ve71.jpg
440,https://i.redd.it/8rcguccctpe71.jpg
441,https://i.redd.it/z5dcpliybte71.jpg
442,https://i.redd.it/ldcpbo954ue71.jpg
443,https://i.redd.it/3wv5io9m7ue71.png
444,https://v.redd.it/8ex63jb9ore71
445,https://i.redd.it/o0feh69bmte71.png
446,https://i.redd.it/xn54i1bt9te71.png
447,https://v.redd.it/s3m7ocrvhre71
448,https://v.redd.it/m2rub8mmgre71
449,https://i.redd.it/1e706gxpvte71.jpg
450,https://i.redd.it/vmkh5etp7qe71.jpg
451,https://v.redd.it/gccv3s08mse71
452,https://v.redd.it/d2zgxm1yyke71
453,https://i.redd.it/2pjkfexkpme71.jpg
454,https://i.redd.it/jatkcizozue71.png
455,https://i.redd.it/8bei48iq2te71.jpg
456,https://i.redd.it/wcbns991ale71.jpg
457,https://i.imgur.com/1sqOaIe.jpg
458,https://i.redd.it/aioyib277te71.png
459,https://v.redd.it/678ximweble71
460,https://i.imgur.com/qlBej0j.jpg
461,https://i.redd.it/6xvodt982re71.png
462,https://i.redd.it/hy6p9a20rte71.jpg
463,https://i.redd.it/tghjololcte71.jpg
464,https://i.redd.it/37nyh5ak8te71.jpg
465,https://i.redd.it/qxngljnstte71.jpg
466,https://i.redd.it/1yyhy3ehdpe71.jpg
467,https://i.redd.it/vjjf7v92ote71.jpg
468,https://i.redd.it/542e6fznzte71.jpg
469,https://i.redd.it/528jnp390te71.jpg
470,https://i.redd.it/qd9gqujqhpe71.jpg
471,https://i.redd.it/o0ai3cl90te71.jpg
472,https://i.redd.it/1mxior5kvre71.jpg
473,https://v.redd.it/whqdrbwpdje71
474,https://www.reddit.com/gallery/ovsr29
475,https://i.redd.it/r8tq85akele71.jpg
476,https://i.redd.it/a7farmtgtre71.jpg
477,https://i.redd.it/diw7mi8n2te71.png
478,https://i.redd.it/7hjfliz2jqe71.jpg
479,https://i.redd.it/khmi6t5come71.jpg
480,https://i.redd.it/v61x023lzse71.jpg
481,https://i.redd.it/i6xutqbe9te71.png
482,https://i.redd.it/8w69lusi7ne71.jpg
483,https://i.redd.it/9erhe6ywgue71.png
484,https://i.redd.it/cii26xfe2qe71.jpg
485,https://i.redd.it/mq5fkpg1bte71.jpg
486,https://i.redd.it/8mcajpcttne71.jpg
487,https://i.redd.it/y439ojbqxpe71.jpg
488,https://i.redd.it/60bzyyt0ple71.jpg
489,https://i.redd.it/wvprorio0qe71.jpg
490,https://i.redd.it/e28c72hzsne71.png
491,https://v.redd.it/ofv7ulkq8ne71
492,https://i.redd.it/rae6s1dz1re71.jpg
493,https://i.redd.it/sasg2izeqpe71.png
494,https://i.redd.it/di95s8s69pe71.jpg
495,https://v.redd.it/9qcfa5ia9le71
496,https://i.redd.it/r7evt1uubte71.jpg
497,https://i.redd.it/mpjer924lme71.jpg
498,https://i.redd.it/potgkiu2joe71.jpg
499,https://i.redd.it/5oy71cag0le71.jpg
